Workbook

Sheet Reps
A1: rep | B1: region | C1: quota | D1: sales | E1: attain | F1: tier | G1: rate | H1: commission | I1: capped
A2: R000 | B2: W | C2: 400000 | D2: 255322 | E2: =D2/C2 -> 0.638305 | F2: =IF(E2>=1.2,"gold",IF(E2>=1,"silver",IF(E2>=0.7,"bronze","none"))) -> none | G2: =IF(F2="gold",Rates!$B$2,IF(F2="silver",Rates!$B$3,IF(F2="bronze",Rates!$B$4,0))) -> 0 | H2: =ROUND(D2*G2,2) -> 0 | I2: =MIN(H2,Rates!$B$6) -> 0
A3: R001 | B3: S | C3: 200000 | D3: 526609 | E3: =D3/C3 -> 2.633045 | F3: =IF(E3>=1.2,"gold",IF(E3>=1,"silver",IF(E3>=0.7,"bronze","none"))) -> gold | G3: =IF(F3="gold",Rates!$B$2,IF(F3="silver",Rates!$B$3,IF(F3="bronze",Rates!$B$4,0))) -> 0.1 | H3: =ROUND(D3*G3,2) -> 52660.9 | I3: =MIN(H3,Rates!$B$6) -> 45000
A4: R002 | B4: N | C4: 300000 | D4: 326530 | E4: =D4/C4 -> 1.0884333 | F4: =IF(E4>=1.2,"gold",IF(E4>=1,"silver",IF(E4>=0.7,"bronze","none"))) -> silver | G4: =IF(F4="gold",Rates!$B$2,IF(F4="silver",Rates!$B$3,IF(F4="bronze",Rates!$B$4,0))) -> 0.08 | H4: =ROUND(D4*G4,2) -> 26122.4 | I4: =MIN(H4,Rates!$B$6) -> 26122.4
A5: R003 | B5: N | C5: 300000 | D5: 354849 | E5: =D5/C5 -> 1.18283 | F5: =IF(E5>=1.2,"gold",IF(E5>=1,"silver",IF(E5>=0.7,"bronze","none"))) -> silver | G5: =IF(F5="gold",Rates!$B$2,IF(F5="silver",Rates!$B$3,IF(F5="bronze",Rates!$B$4,0))) -> 0.08 | H5: =ROUND(D5*G5,2) -> 28387.92 | I5: =MIN(H5,Rates!$B$6) -> 28387.92
A6: R004 | B6: N | C6: 400000 | D6: 258461 | E6: =D6/C6 -> 0.6461525 | F6: =IF(E6>=1.2,"gold",IF(E6>=1,"silver",IF(E6>=0.7,"bronze","none"))) -> none | G6: =IF(F6="gold",Rates!$B$2,IF(F6="silver",Rates!$B$3,IF(F6="bronze",Rates!$B$4,0))) -> 0 | H6: =ROUND(D6*G6,2) -> 0 | I6: =MIN(H6,Rates!$B$6) -> 0
A7: R005 | B7: W | C7: 400000 | D7: 282423 | E7: =D7/C7 -> 0.7060575 | F7: =IF(E7>=1.2,"gold",IF(E7>=1,"silver",IF(E7>=0.7,"bronze","none"))) -> bronze | G7: =IF(F7="gold",Rates!$B$2,IF(F7="silver",Rates!$B$3,IF(F7="bronze",Rates!$B$4,0))) -> 0.04 | H7: =ROUND(D7*G7,2) -> 11296.92 | I7: =MIN(H7,Rates!$B$6) -> 11296.92
A8: R006 | B8: S | C8: 200000 | D8: 78234 | E8: =D8/C8 -> 0.39117 | F8: =IF(E8>=1.2,"gold",IF(E8>=1,"silver",IF(E8>=0.7,"bronze","none"))) -> none | G8: =IF(F8="gold",Rates!$B$2,IF(F8="silver",Rates!$B$3,IF(F8="bronze",Rates!$B$4,0))) -> 0 | H8: =ROUND(D8*G8,2) -> 0 | I8: =MIN(H8,Rates!$B$6) -> 0
A9: R007 | B9: S | C9: 400000 | D9: 529449 | E9: =D9/C9 -> 1.3236225 | F9: =IF(E9>=1.2,"gold",IF(E9>=1,"silver",IF(E9>=0.7,"bronze","none"))) -> gold | G9: =IF(F9="gold",Rates!$B$2,IF(F9="silver",Rates!$B$3,IF(F9="bronze",Rates!$B$4,0))) -> 0.1 | H9: =ROUND(D9*G9,2) -> 52944.9 | I9: =MIN(H9,Rates!$B$6) -> 45000
A10: R008 | B10: N | C10: 400000 | D10: 610000 | E10: =D10/C10 -> 1.525 | F10: =IF(E10>=1.2,"gold",IF(E10>=1,"silver",IF(E10>=0.7,"bronze","none"))) -> gold | G10: =IF(F10="gold",Rates!$B$2,IF(F10="silver",Rates!$B$3,IF(F10="bronze",Rates!$B$4,0))) -> 0.1 | H10: =ROUND(D10*G10,2) -> 61000 | I10: =MIN(H10,Rates!$B$6) -> 45000
A11: R009 | B11: N | C11: 300000 | D11: 162728 | E11: =D11/C11 -> 0.54242667 | F11: =IF(E11>=1.2,"gold",IF(E11>=1,"silver",IF(E11>=0.7,"bronze","none"))) -> none | G11: =IF(F11="gold",Rates!$B$2,IF(F11="silver",Rates!$B$3,IF(F11="bronze",Rates!$B$4,0))) -> 0 | H11: =ROUND(D11*G11,2) -> 0 | I11: =MIN(H11,Rates!$B$6) -> 0
A12: R010 | B12: S | C12: 400000 | D12: 486148 | E12: =D12/C12 -> 1.21537 | F12: =IF(E12>=1.2,"gold",IF(E12>=1,"silver",IF(E12>=0.7,"bronze","none"))) -> gold | G12: =IF(F12="gold",Rates!$B$2,IF(F12="silver",Rates!$B$3,IF(F12="bronze",Rates!$B$4,0))) -> 0.1 | H12: =ROUND(D12*G12,2) -> 48614.8 | I12: =MIN(H12,Rates!$B$6) -> 45000
A13: R011 | B13: N | C13: 300000 | D13: 551259 | E13: =D13/C13 -> 1.83753 | F13: =IF(E13>=1.2,"gold",IF(E13>=1,"silver",IF(E13>=0.7,"bronze","none"))) -> gold | G13: =IF(F13="gold",Rates!$B$2,IF(F13="silver",Rates!$B$3,IF(F13="bronze",Rates!$B$4,0))) -> 0.1 | H13: =ROUND(D13*G13,2) -> 55125.9 | I13: =MIN(H13,Rates!$B$6) -> 45000
... A151: R149 | B151: N | C151: 300000 | D151: 145190 | E151: =D151/C151 -> 0.48396667 | F151: =IF(E151>=1.2,"gold",IF(E151>=1,"silver",IF(E151>=0.7,"bronze","none"))) -> none | G151: =IF(F151="gold",Rates!$B$2,IF(F151="silver",Rates!$B$3,IF(F151="bronze",Rates!$B$4,0))) -> 0 | H151: =ROUND(D151*G151,2) -> 0 | I151: =MIN(H151,Rates!$B$6) -> 0

Sheet Rates
D1: region | E1: payout
A2: gold | B2: 0.1 | D2: N | E2: =SUMIF(Reps!$B$2:$B$151,D2,Reps!$I$2:$I$151) -> 750871.46
A3: silver | B3: 0.08 | D3: S | E3: =SUMIF(Reps!$B$2:$B$151,D3,Reps!$I$2:$I$151) -> 891776.52
A4: bronze | B4: 0.04 | D4: E | E4: =SUMIF(Reps!$B$2:$B$151,D4,Reps!$I$2:$I$151) -> 548647.12
A5: none | B5: 0 | D5: W | E5: =SUMIF(Reps!$B$2:$B$151,D5,Reps!$I$2:$I$151) -> 788984.6
A6: cap | B6: 45000
D7: total | E7: =SUM(E2:E5) -> 2980279.7
