Workbook

Sheet Transactions
A1: id | B1: month | C1: category | D1: amount | E1: approved
A2: 1000 | B2: 4 | C2: Office | D2: 2730.26 | E2: yes
A3: 1001 | B3: 10 | C3: Marketing | D3: 3136.09 | E3: yes
A4: 1002 | B4: 10 | C4: Travel | D4: 4545.92 | E4: no
A5: 1003 | B5: 5 | C5: Office | D5: 1186.97 | E5: no
A6: 1004 | B6: 9 | C6: Office | D6: 2392.24 | E6: yes
A7: 1005 | B7: 4 | C7: Legal | D7: 775.08 | E7: no
A8: 1006 | B8: 12 | C8: Travel | D8: 3363.63 | E8: yes
A9: 1007 | B9: 3 | C9: Office | D9: 233.09 | E9: yes
A10: 1008 | B10: 5 | C10: Marketing | D10: 2981.85 | E10: no
A11: 1009 | B11: 12 | C11: Marketing | D11: 1986.92 | E11: no
A12: 1010 | B12: 3 | C12: Payroll | D12: 505.32 | E12: yes
A13: 1011 | B13: 8 | C13: Software | D13: 1304.75 | E13: no
... A601: 1599 | B601: 2 | C601: Software | D601: 2353.36 | E601: no

Sheet Summary
A1: category | B1: M1 | C1: M2 | D1: M3 | E1: M4 | F1: M5 | G1: M6 | H1: M7 | I1: M8 | J1: M9 | K1: M10 | L1: M11 | M1: M12 | N1: Total | O1: Budget | P1: Variance | Q1: Status
A2: Travel | B2: =SUMIFS(Transactions!$D$2:$D$601,Transactions!$C$2:$C$601,$A2,Transactions!$B$2:$B$601,1,Transactions!$E$2:$E$601,"yes") -> 25204.54 | C2: =SUMIFS(Transactions!$D$2:$D$601,Transactions!$C$2:$C$601,$A2,Transactions!$B$2:$B$601,2,Transactions!$E$2:$E$601,"yes") -> 28432.88 | D2: =SUMIFS(Transactions!$D$2:$D$601,Transactions!$C$2:$C$601,$A2,Transactions!$B$2:$B$601,3,Transactions!$E$2:$E$601,"yes") -> 24805.8 | E2: =SUMIFS(Transactions!$D$2:$D$601,Transactions!$C$2:$C$601,$A2,Transactions!$B$2:$B$601,4,Transactions!$E$2:$E$601,"yes") -> 11377.48 | F2: =SUMIFS(Transactions!$D$2:$D$601,Transactions!$C$2:$C$601,$A2,Transactions!$B$2:$B$601,5,Transactions!$E$2:$E$601,"yes") -> 7354.93 | G2: =SUMIFS(Transactions!$D$2:$D$601,Transactions!$C$2:$C$601,$A2,Transactions!$B$2:$B$601,6,Transactions!$E$2:$E$601,"yes") -> 6415.97 | H2: =SUMIFS(Transactions!$D$2:$D$601,Transactions!$C$2:$C$601,$A2,Transactions!$B$2:$B$601,7,Transactions!$E$2:$E$601,"yes") -> 6948.87 | I2: =SUMIFS(Transactions!$D$2:$D$601,Transactions!$C$2:$C$601,$A2,Transactions!$B$2:$B$601,8,Transactions!$E$2:$E$601,"yes") -> 17124.89 | J2: =SUMIFS(Transactions!$D$2:$D$601,Transactions!$C$2:$C$601,$A2,Transactions!$B$2:$B$601,9,Transactions!$E$2:$E$601,"yes") -> 2595.49 | K2: =SUMIFS(Transactions!$D$2:$D$601,Transactions!$C$2:$C$601,$A2,Transactions!$B$2:$B$601,10,Transactions!$E$2:$E$601,"yes") -> 10954 | L2: =SUMIFS(Transactions!$D$2:$D$601,Transactions!$C$2:$C$601,$A2,Transactions!$B$2:$B$601,11,Transactions!$E$2:$E$601,"yes") -> 25306.55 | M2: =SUMIFS(Transactions!$D$2:$D$601,Transactions!$C$2:$C$601,$A2,Transactions!$B$2:$B$601,12,Transactions!$E$2:$E$601,"yes") -> 27314.28 | N2: =SUM(B2:M2) -> 193835.68 | O2: 40000 | P2: =N2-O2 -> 153835.68 | Q2: =IF(P2>0,"over",IF(P2>-0.1*O2,"near","under")) -> over
A3: Software | B3: =SUMIFS(Transactions!$D$2:$D$601,Transactions!$C$2:$C$601,$A3,Transactions!$B$2:$B$601,1,Transactions!$E$2:$E$601,"yes") -> 17493.88 | C3: =SUMIFS(Transactions!$D$2:$D$601,Transactions!$C$2:$C$601,$A3,Transactions!$B$2:$B$601,2,Transactions!$E$2:$E$601,"yes") -> 25744.35 | D3: =SUMIFS(Transactions!$D$2:$D$601,Transactions!$C$2:$C$601,$A3,Transactions!$B$2:$B$601,3,Transactions!$E$2:$E$601,"yes") -> 18973.85 | E3: =SUMIFS(Transactions!$D$2:$D$601,Transactions!$C$2:$C$601,$A3,Transactions!$B$2:$B$601,4,Transactions!$E$2:$E$601,"yes") -> 18550.86 | F3: =SUMIFS(Transactions!$D$2:$D$601,Transactions!$C$2:$C$601,$A3,Transactions!$B$2:$B$601,5,Transactions!$E$2:$E$601,"yes") -> 19193.74 | G3: =SUMIFS(Transactions!$D$2:$D$601,Transactions!$C$2:$C$601,$A3,Transactions!$B$2:$B$601,6,Transactions!$E$2:$E$601,"yes") -> 23630.48 | H3: =SUMIFS(Transactions!$D$2:$D$601,Transactions!$C$2:$C$601,$A3,Transactions!$B$2:$B$601,7,Transactions!$E$2:$E$601,"yes") -> 12612.95 | I3: =SUMIFS(Transactions!$D$2:$D$601,Transactions!$C$2:$C$601,$A3,Transactions!$B$2:$B$601,8,Transactions!$E$2:$E$601,"yes") -> 16514.16 | J3: =SUMIFS(Transactions!$D$2:$D$601,Transactions!$C$2:$C$601,$A3,Transactions!$B$2:$B$601,9,Transactions!$E$2:$E$601,"yes") -> 14335.05 | K3: =SUMIFS(Transactions!$D$2:$D$601,Transactions!$C$2:$C$601,$A3,Transactions!$B$2:$B$601,10,Transactions!$E$2:$E$601,"yes") -> 16746.57 | L3: =SUMIFS(Transactions!$D$2:$D$601,Transactions!$C$2:$C$601,$A3,Transactions!$B$2:$B$601,11,Transactions!$E$2:$E$601,"yes") -> 15803.22 | M3: =SUMIFS(Transactions!$D$2:$D$601,Transactions!$C$2:$C$601,$A3,Transactions!$B$2:$B$601,12,Transactions!$E$2:$E$601,"yes") -> 18066.34 | N3: =SUM(B3:M3) -> 217665.45 | O3: 120000 | P3: =N3-O3 -> 97665.45 | Q3: =IF(P3>0,"over",IF(P3>-0.1*O3,"near","under")) -> over
A4: Payroll | B4: =SUMIFS(Transactions!$D$2:$D$601,Transactions!$C$2:$C$601,$A4,Transactions!$B$2:$B$601,1,Transactions!$E$2:$E$601,"yes") -> 15906.42 | C4: =SUMIFS(Transactions!$D$2:$D$601,Transactions!$C$2:$C$601,$A4,Transactions!$B$2:$B$601,2,Transactions!$E$2:$E$601,"yes") -> 9703.09 | D4: =SUMIFS(Transactions!$D$2:$D$601,Transactions!$C$2:$C$601,$A4,Transactions!$B$2:$B$601,3,Transactions!$E$2:$E$601,"yes") -> 16508.38 | E4: =SUMIFS(Transactions!$D$2:$D$601,Transactions!$C$2:$C$601,$A4,Transactions!$B$2:$B$601,4,Transactions!$E$2:$E$601,"yes") -> 25358.88 | F4: =SUMIFS(Transactions!$D$2:$D$601,Transactions!$C$2:$C$601,$A4,Transactions!$B$2:$B$601,5,Transactions!$E$2:$E$601,"yes") -> 8549.47 | G4: =SUMIFS(Transactions!$D$2:$D$601,Transactions!$C$2:$C$601,$A4,Transactions!$B$2:$B$601,6,Transactions!$E$2:$E$601,"yes") -> 26518.3 | H4: =SUMIFS(Transactions!$D$2:$D$601,Transactions!$C$2:$C$601,$A4,Transactions!$B$2:$B$601,7,Transactions!$E$2:$E$601,"yes") -> 11195.59 | I4: =SUMIFS(Transactions!$D$2:$D$601,Transactions!$C$2:$C$601,$A4,Transactions!$B$2:$B$601,8,Transactions!$E$2:$E$601,"yes") -> 21203.93 | J4: =SUMIFS(Transactions!$D$2:$D$601,Transactions!$C$2:$C$601,$A4,Transactions!$B$2:$B$601,9,Transactions!$E$2:$E$601,"yes") -> 20061.74 | K4: =SUMIFS(Transactions!$D$2:$D$601,Transactions!$C$2:$C$601,$A4,Transactions!$B$2:$B$601,10,Transactions!$E$2:$E$601,"yes") -> 11382.34 | L4: =SUMIFS(Transactions!$D$2:$D$601,Transactions!$C$2:$C$601,$A4,Transactions!$B$2:$B$601,11,Transactions!$E$2:$E$601,"yes") -> 10446.28 | M4: =SUMIFS(Transactions!$D$2:$D$601,Transactions!$C$2:$C$601,$A4,Transactions!$B$2:$B$601,12,Transactions!$E$2:$E$601,"yes") -> 24029.63 | N4: =SUM(B4:M4) -> 200864.05 | O4: 40000 | P4: =N4-O4 -> 160864.05 | Q4: =IF(P4>0,"over",IF(P4>-0.1*O4,"near","under")) -> over
A5: Marketing | B5: =SUMIFS(Transactions!$D$2:$D$601,Transactions!$C$2:$C$601,$A5,Transactions!$B$2:$B$601,1,Transactions!$E$2:$E$601,"yes") -> 7238.46 | C5: =SUMIFS(Transactions!$D$2:$D$601,Transactions!$C$2:$C$601,$A5,Transactions!$B$2:$B$601,2,Transactions!$E$2:$E$601,"yes") -> 20774.59 | D5: =SUMIFS(Transactions!$D$2:$D$601,Transactions!$C$2:$C$601,$A5,Transactions!$B$2:$B$601,3,Transactions!$E$2:$E$601,"yes") -> 13537.86 | E5: =SUMIFS(Transactions!$D$2:$D$601,Transactions!$C$2:$C$601,$A5,Transactions!$B$2:$B$601,4,Transactions!$E$2:$E$601,"yes") -> 5243.37 | F5: =SUMIFS(Transactions!$D$2:$D$601,Transactions!$C$2:$C$601,$A5,Transactions!$B$2:$B$601,5,Transactions!$E$2:$E$601,"yes") -> 20872.56 | G5: =SUMIFS(Transactions!$D$2:$D$601,Transactions!$C$2:$C$601,$A5,Transactions!$B$2:$B$601,6,Transactions!$E$2:$E$601,"yes") -> 11301.05 | H5: =SUMIFS(Transactions!$D$2:$D$601,Transactions!$C$2:$C$601,$A5,Transactions!$B$2:$B$601,7,Transactions!$E$2:$E$601,"yes") -> 24749.26 | I5: =SUMIFS(Transactions!$D$2:$D$601,Transactions!$C$2:$C$601,$A5,Transactions!$B$2:$B$601,8,Transactions!$E$2:$E$601,"yes") -> 12189.95 | J5: =SUMIFS(Transactions!$D$2:$D$601,Transactions!$C$2:$C$601,$A5,Transactions!$B$2:$B$601,9,Transactions!$E$2:$E$601,"yes") -> 15329.91 | K5: =SUMIFS(Transactions!$D$2:$D$601,Transactions!$C$2:$C$601,$A5,Transactions!$B$2:$B$601,10,Transactions!$E$2:$E$601,"yes") -> 11177.52 | L5: =SUMIFS(Transactions!$D$2:$D$601,Transactions!$C$2:$C$601,$A5,Transactions!$B$2:$B$601,11,Transactions!$E$2:$E$601,"yes") -> 18880.22 | M5: =SUMIFS(Transactions!$D$2:$D$601,Transactions!$C$2:$C$601,$A5,Transactions!$B$2:$B$601,12,Transactions!$E$2:$E$601,"yes") -> 3509.97 | N5: =SUM(B5:M5) -> 164804.72 | O5: 60000 | P5: =N5-O5 -> 104804.72 | Q5: =IF(P5>0,"over",IF(P5>-0.1*O5,"near","under")) -> over
A6: Office | B6: =SUMIFS(Transactions!$D$2:$D$601,Transactions!$C$2:$C$601,$A6,Transactions!$B$2:$B$601,1,Transactions!$E$2:$E$601,"yes") -> 9014.56 | C6: =SUMIFS(Transactions!$D$2:$D$601,Transactions!$C$2:$C$601,$A6,Transactions!$B$2:$B$601,2,Transactions!$E$2:$E$601,"yes") -> 10758.97 | D6: =SUMIFS(Transactions!$D$2:$D$601,Transactions!$C$2:$C$601,$A6,Transactions!$B$2:$B$601,3,Transactions!$E$2:$E$601,"yes") -> 8975.83 | E6: =SUMIFS(Transactions!$D$2:$D$601,Transactions!$C$2:$C$601,$A6,Transactions!$B$2:$B$601,4,Transactions!$E$2:$E$601,"yes") -> 21178.81 | F6: =SUMIFS(Transactions!$D$2:$D$601,Transactions!$C$2:$C$601,$A6,Transactions!$B$2:$B$601,5,Transactions!$E$2:$E$601,"yes") -> 18808.72 | G6: =SUMIFS(Transactions!$D$2:$D$601,Transactions!$C$2:$C$601,$A6,Transactions!$B$2:$B$601,6,Transactions!$E$2:$E$601,"yes") -> 10337.81 | H6: =SUMIFS(Transactions!$D$2:$D$601,Transactions!$C$2:$C$601,$A6,Transactions!$B$2:$B$601,7,Transactions!$E$2:$E$601,"yes") -> 11111.76 | I6: =SUMIFS(Transactions!$D$2:$D$601,Transactions!$C$2:$C$601,$A6,Transactions!$B$2:$B$601,8,Transactions!$E$2:$E$601,"yes") -> 14477.12 | J6: =SUMIFS(Transactions!$D$2:$D$601,Transactions!$C$2:$C$601,$A6,Transactions!$B$2:$B$601,9,Transactions!$E$2:$E$601,"yes") -> 7047.57 | K6: =SUMIFS(Transactions!$D$2:$D$601,Transactions!$C$2:$C$601,$A6,Transactions!$B$2:$B$601,10,Transactions!$E$2:$E$601,"yes") -> 18252.99 | L6: =SUMIFS(Transactions!$D$2:$D$601,Transactions!$C$2:$C$601,$A6,Transactions!$B$2:$B$601,11,Transactions!$E$2:$E$601,"yes") -> 16009.64 | M6: =SUMIFS(Transactions!$D$2:$D$601,Transactions!$C$2:$C$601,$A6,Transactions!$B$2:$B$601,12,Transactions!$E$2:$E$601,"yes") -> 17024.78 | N6: =SUM(B6:M6) -> 162998.56 | O6: 120000 | P6: =N6-O6 -> 42998.56 | Q6: =IF(P6>0,"over",IF(P6>-0.1*O6,"near","under")) -> over
A7: Legal | B7: =SUMIFS(Transactions!$D$2:$D$601,Transactions!$C$2:$C$601,$A7,Transactions!$B$2:$B$601,1,Transactions!$E$2:$E$601,"yes") -> 10991.62 | C7: =SUMIFS(Transactions!$D$2:$D$601,Transactions!$C$2:$C$601,$A7,Transactions!$B$2:$B$601,2,Transactions!$E$2:$E$601,"yes") -> 1571.72 | D7: =SUMIFS(Transactions!$D$2:$D$601,Transactions!$C$2:$C$601,$A7,Transactions!$B$2:$B$601,3,Transactions!$E$2:$E$601,"yes") -> 6385.92 | E7: =SUMIFS(Transactions!$D$2:$D$601,Transactions!$C$2:$C$601,$A7,Transactions!$B$2:$B$601,4,Transactions!$E$2:$E$601,"yes") -> 21741.3 | F7: =SUMIFS(Transactions!$D$2:$D$601,Transactions!$C$2:$C$601,$A7,Transactions!$B$2:$B$601,5,Transactions!$E$2:$E$601,"yes") -> 8405.64 | G7: =SUMIFS(Transactions!$D$2:$D$601,Transactions!$C$2:$C$601,$A7,Transactions!$B$2:$B$601,6,Transactions!$E$2:$E$601,"yes") -> 27138.67 | H7: =SUMIFS(Transactions!$D$2:$D$601,Transactions!$C$2:$C$601,$A7,Transactions!$B$2:$B$601,7,Transactions!$E$2:$E$601,"yes") -> 23579.84 | I7: =SUMIFS(Transactions!$D$2:$D$601,Transactions!$C$2:$C$601,$A7,Transactions!$B$2:$B$601,8,Transactions!$E$2:$E$601,"yes") -> 9870.99 | J7: =SUMIFS(Transactions!$D$2:$D$601,Transactions!$C$2:$C$601,$A7,Transactions!$B$2:$B$601,9,Transactions!$E$2:$E$601,"yes") -> 18709.57 | K7: =SUMIFS(Transactions!$D$2:$D$601,Transactions!$C$2:$C$601,$A7,Transactions!$B$2:$B$601,10,Transactions!$E$2:$E$601,"yes") -> 19080.17 | L7: =SUMIFS(Transactions!$D$2:$D$601,Transactions!$C$2:$C$601,$A7,Transactions!$B$2:$B$601,11,Transactions!$E$2:$E$601,"yes") -> 16560.77 | M7: =SUMIFS(Transactions!$D$2:$D$601,Transactions!$C$2:$C$601,$A7,Transactions!$B$2:$B$601,12,Transactions!$E$2:$E$601,"yes") -> 10439.79 | N7: =SUM(B7:M7) -> 174476 | O7: 60000 | P7: =N7-O7 -> 114476 | Q7: =IF(P7>0,"over",IF(P7>-0.1*O7,"near","under")) -> over
A8: Total | B8: =SUM(B2:B7) -> 85849.48 | C8: =SUM(C2:C7) -> 96985.6 | D8: =SUM(D2:D7) -> 89187.64 | E8: =SUM(E2:E7) -> 103450.7 | F8: =SUM(F2:F7) -> 83185.06 | G8: =SUM(G2:G7) -> 105342.28 | H8: =SUM(H2:H7) -> 90198.27 | I8: =SUM(I2:I7) -> 91381.04 | ... P8: =SUM(P2:P7) -> 674644.46
